{"cameraMode":{"drawMode":0,"name":"Shaded","section":"Shading Mode"},"sceneLighting":false,"audioPlay":false,"sceneViewState":{"showFog":true,"showMaterialUpdate":false,"showSkybox":true,"showFlares":true,"showImageEffects":true,"showParticleSystems":true},"in2DMode":false,"pivot":{"x":-8.658273696899414,"y":2.7821688652038576,"z":-26.30971336364746},"rotation":{"x":0.05592678114771843,"y":0.9402675032615662,"z":-0.18983563780784608,"w":0.2770048975944519},"size":17.535991668701173,"orthographic":false}